name,bh_ra,bh_dec,vvv_ra,vvv_dec,sep_arcsec,ks_1_mag,ks_1_mag_err,ks_2_mag,ks_2_mag_err,best_mag_for_ranking
SAX J1819.3-2525 V4641 Sgr,18:19:21.58,-25:24:25.10,18:19:22.60,-25:24:08.64,21.485139121868546,10.432143,0.0009957836,9.978119,0.0008346518,10.205131
XTE J1550-564 V381 Nor,15:50:58.70,-56:28:35.20,15:51:01.17,-56:28:15.19,28.643948425868683,11.469469,0.0012084941,12.020756,0.0017106415,11.745112500000001
